RegioNaam;RegioCode;AmsterdamseCode;OuderRegioNaam;OuderRegioCode;Kiesgerechtigden;Opkomst;OngeldigeStemmen;BlancoStemmen;GeldigeStemmen;VVD;PVV (Partij voor de Vrijheid);CDA;Democraten 66 (D66);GROENLINKS;SP (Socialistische Partij);Partij van de Arbeid (P.v.d.A.);ChristenUnie;Partij voor de Dieren;50PLUS;Staatkundig Gereformeerde Partij (SGP);DENK;Forum voor Democratie;VNL (VoorNederland);Piratenpartij;Artikel 1;NIEUWE WEGEN;OndernemersPartij;Lokaal in de Kamer;Niet Stemmers;De Burger Beweging;GeenPeil;JEZUS LEEFT;Vrijzinnige Partij;Libertarische Partij (LP);MenS en Spirit / Basisinkomen Partij / V-R;StemNL;Vrije Democratische Partij (VDP)	
Aa en Hunze;G1680;10787;Assen;K3;20482;17260;27;18;17215;4268;1681;1740;2163;1534;1937;1830;345;546;612;58;3;246;59;45;;25;82;22;;9;5;;3;2;;;	
Aalburg;G0738;11084;Tilburg;K17;9729;8397;19;11;8367;1327;1229;1362;294;165;444;149;931;148;154;1954;7;100;49;12;0;5;12;2;7;2;1;12;1;0;;0;	
Aalsmeer;G0358;11264;Haarlem;K10;22668;19502;33;26;19443;6764;2351;2392;2100;1116;915;828;798;505;655;129;115;476;110;60;23;28;40;11;11;10;5;;1;;;;	
Aalten;G0197;11046;Arnhem;K7;20952;17378;41;20;17317;3324;1657;4255;1707;1137;2217;793;814;311;506;117;107;183;44;33;4;18;36;15;9;10;2;7;4;2;5;0;	
Achtkarspelen;G0059;10199;Leeuwarden;K2;21437;17095;28;13;17054;2013;2872;4106;903;788;1948;1085;1767;282;487;277;5;348;44;29;;39;21;18;;11;3;;3;5;;;	
Alblasserdam;G0482;11327;Dordrecht;K14;14828;12390;29;14;12347;1907;1728;1467;797;618;915;684;1112;245;349;1955;210;212;51;28;3;15;5;9;2;4;1;28;1;1;;0;	
Albrandswaard;G0613;10124;Dordrecht;K14;18979;15811;24;16;15771;4499;2716;1761;1647;861;1018;742;443;430;563;204;156;473;86;46;32;19;21;14;10;7;7;8;4;4;;0;	
Alkmaar;G0361;10527;Den Helder;K11;82901;68009;203;86;67720;15040;7236;5858;9455;8686;5821;4933;1077;3242;2245;139;1281;1344;379;329;138;124;109;91;50;53;56;;22;;;;12	
Almelo;G0141;11053;Zwolle;K4;54536;42313;159;74;42080;7503;7520;6518;4049;2734;4595;2389;1378;886;1265;216;1855;688;147;130;18;49;49;25;31;11;17;;7;;;;	
Almere;G0034;10018;Lelystad;K5;143846;110571;469;236;109866;22822;17134;7151;13311;10890;9527;6535;2859;4251;5029;274;3120;2522;657;668;2132;256;179;118;109;80;70;113;39;20;;;	
Alphen aan den Rijn;G0484;10517;Leiden;K15;82543;69181;149;106;68926;17829;7957;9099;8216;5420;4464;3213;3064;1965;1942;1900;1245;1526;324;268;76;137;84;;45;36;37;43;18;16;;2;	
Alphen-Chaam;G1723;10710;Tilburg;K17;7858;6766;12;9;6745;2051;799;1425;671;329;614;183;44;154;219;13;13;104;27;21;0;48;11;5;2;4;1;3;2;2;;0;	
Ameland;G0060;11153;Leeuwarden;K2;2815;2761;2;4;2755;715;265;613;261;173;174;240;54;69;75;8;0;80;5;8;;2;8;4;;0;1;;0;0;;;	
Amersfoort;G0307;10948;Utrecht;K8;113869;96406;233;111;96062;20255;8611;9192;14970;11847;6766;5408;6585;3373;1988;910;3414;1404;286;401;123;147;91;;57;40;59;40;28;26;35;6;	
Amstelveen;G0362;10799;Haarlem;K10;59369;49859;143;67;49649;13926;4410;4016;8936;5338;2741;3438;1029;1911;1603;191;399;880;157;196;280;42;38;26;22;25;32;;13;;;;	
Amsterdam;G0363;11150;Amsterdam;K9;585340;461939;3007;907;458025;70249;31260;13562;86410;90572;29326;38279;6833;27553;8904;687;31512;5707;954;2506;11424;459;384;204;458;239;270;;150;123;;;	
Apeldoorn;G0200;11075;Arnhem;K7;124494;102784;215;155;102414;22460;11773;12862;12410;8902;8364;5995;4938;3063;3307;3308;2010;1691;360;311;42;107;108;65;60;60;54;63;21;19;56;5;	
Appingedam;G0003;10886;Groningen;K1;9559;7363;21;12;7330;889;1095;1033;605;559;1431;673;317;161;270;24;85;98;19;13;6;10;13;16;6;6;0;;0;1;;;	
Arnhem;G0202;10795;Arnhem;K7;117588;90460;308;134;90018;15398;10622;6093;14765;13047;9036;5784;2180;4658;2087;221;3268;1369;237;424;224;108;90;50;68;54;34;69;46;23;59;4;	
Assen;G0106;10522;Assen;K3;51841;42425;89;57;42279;6993;4193;4834;5221;4355;5050;3851;3536;1299;1152;332;215;681;136;167;;71;52;40;;41;16;;34;10;;;	
Asten;G0743;10478;'s-Hertogenbosch;K18;12769;10748;24;18;10706;2942;1320;2201;1026;586;1304;366;51;214;383;17;10;172;26;24;1;9;15;14;6;5;3;;6;2;;3;	
Baarle-Nassau;G0744;10060;Tilburg;K17;5199;4197;7;3;4187;1044;726;918;313;214;413;126;23;117;167;9;8;67;9;6;0;9;3;3;2;1;4;3;1;1;;0;	
Baarn;G0308;11411;Utrecht;K8;19076;15916;29;18;15869;4438;1529;1764;2394;1413;931;862;586;593;417;192;246;298;57;48;15;14;14;;8;7;7;4;2;22;8;0;	
Barendrecht;G0489;10943;Dordrecht;K14;35807;30263;58;41;30164;7715;4699;3570;3008;1848;1784;1331;1235;737;1061;1294;621;787;161;74;86;41;28;24;11;10;14;16;5;1;;3;	
Barneveld;G0203;10906;Arnhem;K7;40971;36187;71;31;36085;6384;3557;6880;1728;973;1159;698;4232;402;729;8136;373;481;105;57;10;32;37;16;10;22;9;34;5;8;8;0;	
Bedum;G0005;10425;Groningen;K1;8162;6996;9;6;6981;854;503;1446;682;664;885;546;828;186;138;97;0;85;12;20;0;6;9;10;4;5;1;;0;0;;;	
Beek;G0888;11374;Maastricht;K19;13040;10842;27;21;10794;2040;2138;1824;1232;636;1213;397;65;276;524;12;45;272;40;34;1;14;10;;9;5;7;;0;0;;;	
Beemster;G0370;10816;Den Helder;K11;7244;6277;7;7;6263;2277;652;723;759;451;308;401;44;227;159;19;12;151;28;13;6;2;8;7;6;3;4;;1;;;;2	
Beesel;G0889;10195;Maastricht;K19;10579;8270;33;11;8226;1566;1759;1262;804;493;1019;326;40;184;445;13;89;141;36;13;3;15;5;;3;7;3;;0;0;;;	
Bellingwedde;G0007;10340;Groningen;K1;7249;5809;8;4;5797;821;1123;555;402;411;1069;551;163;271;223;16;1;119;9;24;1;12;11;6;3;3;1;;1;1;;;	
Berg en Dal;G1945;10616;Nijmegen;K6;27887;23628;39;28;23561;4717;3567;3009;2630;2398;3487;1361;180;844;746;38;37;309;59;61;15;16;28;14;11;11;6;5;6;4;;2;	
Bergeijk;G1724;11160;'s-Hertogenbosch;K18;14388;11931;20;24;11887;3057;1575;2631;1097;575;1386;393;93;252;422;33;6;204;62;26;5;10;12;30;6;4;1;;4;3;;0;	
Bergen;G0893;11281;Maastricht;K19;10428;8385;28;6;8351;1598;1589;1537;589;372;1699;244;38;165;318;11;8;120;26;10;1;9;11;;3;0;2;;1;0;;;	
Bergen;G0373;11424;Den Helder;K11;24099;20976;40;27;20909;6202;2236;2091;2654;2180;1212;1376;222;1203;630;35;15;438;215;60;6;44;34;11;10;12;11;;9;;;;3	
Bergen op Zoom;G0748;11037;Tilburg;K17;50851;40045;138;60;39847;9557;6878;4213;4113;3170;4243;1681;417;989;1628;63;1744;610;122;91;16;39;43;139;25;11;16;20;10;4;;5;	
Berkelland;G1859;10436;Arnhem;K7;35130;29796;65;30;29701;6702;2995;6099;3408;1973;3834;2017;419;575;782;80;69;382;118;54;12;24;64;33;15;9;4;2;10;2;17;2;	
Bernheze;G1721;10149;'s-Hertogenbosch;K18;23192;19048;30;27;18991;4835;2237;3845;2077;988;2901;641;108;275;555;21;43;281;59;44;12;16;25;10;2;7;2;;5;2;;0;	
Best;G0753;10442;'s-Hertogenbosch;K18;22244;18541;40;32;18469;4878;2356;2477;2258;1210;2194;697;403;412;800;39;225;279;86;42;8;19;27;25;13;8;8;;3;0;;2;	
Beuningen;G0209;10417;Nijmegen;K6;20055;16691;29;17;16645;4201;2461;2107;2010;1293;2094;814;146;345;628;23;50;263;71;44;9;21;23;13;8;6;5;4;4;1;;1;	
Beverwijk;G0375;10272;Haarlem;K10;29968;23438;60;26;23352;5187;3773;1834;2634;2232;2323;1383;279;846;1002;39;796;565;146;113;37;37;31;41;10;15;25;;4;;;;	
Binnenmaas;G0585;10222;Dordrecht;K14;22927;19620;49;28;19543;4847;2943;2706;1665;929;1278;1147;901;567;654;1169;13;463;100;48;6;37;15;11;11;10;1;11;7;4;;0;	
Bladel;G1728;11006;'s-Hertogenbosch;K18;15616;12809;16;9;12784;3309;1661;2424;1189;677;1781;448;75;261;554;22;3;217;44;24;2;12;25;31;6;7;4;;4;2;;2;	
Blaricum;G0376;10493;Haarlem;K10;7825;6939;19;6;6914;2733;609;763;917;350;301;336;121;214;187;35;47;221;22;19;3;23;3;4;3;0;0;;3;;;;	
Bloemendaal;G0377;10850;Haarlem;K10;17122;15198;27;9;15162;6038;842;1511;2742;1268;462;799;214;638;237;38;16;255;30;34;6;9;12;3;2;3;1;;2;;;;	
Bodegraven-Reeuwijk;G1901;11091;Leiden;K15;25484;22128;58;35;22035;5952;2554;3516;2056;1243;878;787;1488;386;525;1772;247;394;81;60;3;23;20;;7;12;5;21;2;2;;1;	
Boekel;G0755;10432;'s-Hertogenbosch;K18;7994;6501;10;17;6474;1585;862;1563;562;256;969;179;26;111;170;8;2;89;28;21;2;4;12;4;3;13;0;;2;1;;2;	
Bonaire;O9001;10084;Bonaire;K20;11955;2631;39;51;2541;397;122;413;727;222;77;209;92;113;41;12;16;39;13;;38;6;4;;;;;;;;;;	
Borger-Odoorn;G1681;10448;Assen;K3;20557;16999;22;14;16963;3280;2520;2197;1524;1087;2434;1490;652;469;612;124;0;338;57;47;;22;25;46;;22;7;;6;4;;;	
Borne;G0147;10326;Zwolle;K4;17477;15048;20;13;15015;3420;1639;3576;1839;952;1506;775;233;248;347;33;53;245;51;47;0;15;11;11;5;4;4;;1;;;;	
Borsele;G0654;10043;Middelburg;K16;17270;14515;23;15;14477;2752;1650;2459;1026;665;1129;635;507;359;491;2399;4;252;52;43;4;6;12;10;;7;12;;1;2;;0;	
Boxmeer;G0756;11227;'s-Hertogenbosch;K18;22435;19667;29;21;19617;3960;1933;3416;1878;1073;5406;649;104;297;353;20;94;226;62;60;1;17;30;8;9;9;7;;1;3;;1;	
Boxtel;G0757;10083;'s-Hertogenbosch;K18;23493;18742;48;36;18658;4274;2306;2511;2487;1588;2676;930;160;463;569;18;194;266;59;57;6;15;28;14;16;7;6;;2;5;;1;	
Breda;G0758;10154;Tilburg;K17;138849;110985;290;174;110521;30141;12759;10498;16528;11567;10498;5325;1102;3719;2771;158;2132;1788;341;462;122;152;121;103;57;44;44;32;36;13;;8;	
Brielle;G0501;10232;Dordrecht;K14;13340;11122;19;26;11077;3160;1964;1202;1069;604;953;605;151;329;419;50;16;352;60;35;5;41;22;6;8;12;4;6;1;1;;2;	
Bronckhorst;G1876;11159;Arnhem;K7;29178;24634;45;21;24568;6323;2253;5227;2850;1486;2272;1467;512;592;734;225;25;326;80;36;10;28;44;17;6;14;3;13;6;5;12;2;	
Brummen;G0213;10798;Arnhem;K7;16723;13880;35;12;13833;3199;1669;1712;1671;1152;1506;1073;246;406;487;57;267;214;55;34;2;16;19;12;8;8;7;2;2;1;8;0;	
Brunssum;G0899;10533;Maastricht;K19;22893;17491;23;36;17432;2235;4611;1953;1262;949;3224;739;223;577;955;45;88;322;74;59;18;29;27;;16;12;7;;5;2;;;	
Bunnik;G0312;10820;Utrecht;K8;11508;10286;12;7;10267;2505;798;1494;1700;1362;462;685;328;310;206;161;14;136;16;32;8;14;9;;2;12;7;1;3;1;1;0;	
Bunschoten;G0313;11343;Utrecht;K8;15321;13542;47;12;13483;2040;1775;3342;342;258;310;169;3428;98;242;1015;95;223;29;26;4;6;5;;4;0;2;63;0;1;5;1;	
Buren;G0214;11286;Nijmegen;K6;20481;17165;25;25;17115;4801;3020;2077;1567;780;1096;913;465;406;569;886;12;356;66;20;3;23;30;7;0;3;5;6;2;1;;1;	
Capelle aan den IJssel;G0502;11248;Leiden;K15;50592;39011;135;77;38799;7854;6439;3435;4040;2909;3224;2203;1584;1323;1536;2016;502;860;232;122;312;55;37;;25;9;18;43;12;6;;3;	
Castricum;G0383;11287;Den Helder;K11;27892;24591;53;34;24504;7082;1997;2815;3616;2686;1715;1732;297;987;682;45;28;480;114;88;17;35;36;14;7;10;12;;7;;;;2	
Coevorden;G0109;10383;Assen;K3;27842;23019;42;18;22959;5123;3229;3839;2100;1333;2646;1987;582;465;840;174;19;381;93;42;;29;26;18;;14;3;;15;1;;;	
Cranendonck;G1706;10219;'s-Hertogenbosch;K18;16061;13128;22;15;13091;3211;2300;2329;1193;548;1629;425;89;336;597;18;13;242;55;34;3;18;15;16;4;10;1;;1;1;;3;	
Cromstrijen;G0611;11346;Dordrecht;K14;10282;8814;13;10;8791;2267;1350;1176;755;427;619;468;309;222;324;583;2;183;47;20;2;10;5;4;6;1;4;4;1;1;;1;	
Cuijk;G1684;10023;'s-Hertogenbosch;K18;19155;15849;52;23;15774;3275;1980;2182;1759;1114;3059;631;97;372;440;8;475;182;74;43;7;8;12;15;7;11;8;;8;4;;3;	
Culemborg;G0216;10342;Nijmegen;K6;21074;17759;47;14;17698;3673;2316;1682;2299;2201;1269;1149;504;657;488;175;770;271;55;52;28;23;14;13;11;21;4;15;5;2;;1;	
Dalfsen;G0148;11007;Zwolle;K4;21608;18808;23;19;18766;3620;1462;5958;1574;800;1258;797;1653;306;461;456;3;235;68;31;6;17;24;11;4;7;9;;6;;;;	
Dantumadiel;G1891;10650;Leeuwarden;K2;14827;12091;24;6;12061;1173;1703;3118;597;551;1484;698;1249;202;320;663;3;152;48;38;;26;19;7;;4;2;;2;2;;;	
De Bilt;G0310;10168;Utrecht;K8;32796;28775;59;41;28675;7620;2378;2923;4603;3247;1650;1703;999;1124;586;893;234;393;85;91;18;31;23;;17;6;14;12;9;4;12;0;	
De Fryske Marren;G1940;10022;Leeuwarden;K2;39844;33411;57;45;33309;7265;3636;7443;3164;2205;3055;2333;1037;755;958;360;53;612;122;71;;80;61;23;;33;24;;15;4;;;	
De Marne;G1663;10180;Groningen;K1;8028;6498;7;13;6478;864;828;1105;457;574;902;542;521;269;172;81;1;97;21;14;0;7;14;1;4;0;1;;2;1;;;	
De Ronde Venen;G0736;11379;Utrecht;K8;33000;28546;45;34;28467;9331;3294;3921;3435;1916;1170;1211;914;812;811;446;207;612;128;80;19;35;59;;13;11;9;7;6;6;14;0;	
De Wolden;G1690;10262;Assen;K3;18891;16117;35;19;16063;4452;1527;3024;1592;959;1200;1117;600;388;572;180;3;286;50;23;;21;26;20;;10;4;;3;6;;;	
Delft;G0503;10928;Dordrecht;K14;73968;61027;218;113;60696;10780;6965;4509;12300;8702;4055;3950;1920;2348;1590;324;1142;1032;162;450;133;71;58;34;43;20;40;35;17;11;;5;	
Delfzijl;G0010;10976;Groningen;K1;19811;15269;42;33;15194;1975;2401;2080;1190;1028;2540;1322;797;345;723;86;268;235;58;55;9;14;19;13;13;8;8;;3;4;;;	
Den Helder;G0400;10285;Den Helder;K11;44369;33741;90;65;33586;7297;6459;4026;2921;2144;2783;1877;1083;1086;1793;288;97;996;340;131;23;62;48;41;17;25;29;;10;;;;10	
Deurne;G0762;10379;'s-Hertogenbosch;K18;25169;20217;38;39;20140;5185;2891;3884;1812;1081;2764;636;89;370;770;25;39;310;80;59;9;37;34;19;9;14;6;;9;5;;3;	
Deventer;G0150;10899;Zwolle;K4;74845;62044;196;90;61758;11349;6522;6266;9095;7337;6379;5123;1632;2218;1810;189;2279;780;188;230;38;78;56;42;43;48;40;;16;;;;	
Diemen;G0384;11039;Haarlem;K10;19963;15736;80;31;15625;3112;1826;932;2267;2313;1148;1295;269;678;591;16;352;297;71;107;262;21;11;16;15;6;15;;5;;;;	
Dinkelland;G1774;10245;Zwolle;K4;20388;17739;31;11;17697;4452;1975;6560;1466;594;1093;554;92;186;374;28;7;205;37;26;0;8;11;13;6;8;1;;1;;;;	
Doesburg;G0221;10327;Arnhem;K7;9048;7435;19;7;7409;1354;1054;824;877;629;1078;486;152;248;237;21;271;103;17;14;2;6;3;8;2;5;4;2;4;2;6;0;	
Doetinchem;G0222;10396;Arnhem;K7;44645;35753;57;36;35660;7576;4485;4976;4517;2881;4459;2291;815;869;1018;356;508;464;101;107;8;66;67;22;19;6;8;15;9;2;13;2;	
Dongen;G0766;11412;Tilburg;K17;19995;16151;44;39;16068;4114;2135;2165;1845;1101;1935;791;212;355;548;54;326;237;64;32;4;12;23;82;6;2;9;7;4;2;;3;	
Dongeradeel;G0058;10198;Leeuwarden;K2;18521;15176;14;20;15142;1909;1702;4556;1019;901;1589;827;1190;382;396;213;3;289;51;38;;23;16;14;;9;5;;10;0;;;	
Dordrecht;G0505;11157;Dordrecht;K14;89102;69973;310;128;69535;12694;10893;6402;7101;6342;6478;3925;3237;2715;2221;2121;3123;1172;271;268;143;97;63;50;45;26;22;74;19;15;;18;	
Drechterland;G0498;10642;Den Helder;K11;14795;12652;16;10;12626;3929;1510;1833;1497;812;878;650;139;352;447;27;3;321;90;40;14;22;27;8;8;8;4;;3;;;;4	
Drimmelen;G1719;10258;Tilburg;K17;21313;17430;27;17;17386;4836;2897;2327;1770;1040;1966;720;145;448;689;47;15;296;67;32;4;30;22;13;3;4;6;3;4;1;;1;	
Dronten;G0303;10210;Lelystad;K5;30200;25465;46;37;25382;6477;2957;4515;2243;1617;1851;1044;1754;569;793;383;282;523;114;81;5;49;53;10;10;12;6;16;11;7;;;	
Druten;G0225;10068;Nijmegen;K6;14451;11949;13;13;11923;3024;1674;1525;1442;777;1565;582;69;249;445;20;208;200;45;26;7;16;16;12;5;5;3;5;0;2;;1;	
Duiven;G0226;11028;Arnhem;K7;19823;16653;40;18;16595;4219;2132;2345;2053;1298;1770;859;253;431;643;36;57;303;53;39;7;24;25;13;7;5;5;1;7;1;7;2;	
Echt-Susteren;G1711;10941;Maastricht;K19;25685;20469;37;32;20400;3262;4623;3994;1761;1064;2580;659;107;601;1034;22;47;361;145;48;11;18;34;;10;5;10;;2;2;;;	
Edam-Volendam;G0385;10884;Den Helder;K11;27757;24082;55;20;24007;5517;5212;5251;1657;1219;866;895;157;622;678;45;73;1470;165;46;8;40;30;19;15;9;7;;2;;;;4	
Ede;G0228;10743;Arnhem;K7;85244;72633;186;91;72356;13614;7450;10686;6581;4585;3571;2730;7348;1610;1573;9171;1532;1100;226;177;30;65;74;20;33;24;26;63;11;6;42;8;	
Eemnes;G0317;10248;Utrecht;K8;6905;6083;13;5;6065;1906;640;804;800;374;344;342;170;207;185;56;8;150;23;18;1;9;10;;4;5;1;4;0;1;3;0;	
Eemsmond;G1651;10246;Groningen;K1;12320;10257;13;18;10226;1259;1124;1731;738;763;1667;960;1018;316;272;140;1;122;32;26;5;9;13;10;10;4;5;;0;1;;;	
Eersel;G0770;10741;'s-Hertogenbosch;K18;14742;12205;23;27;12155;3343;1310;2454;1344;661;1437;454;88;266;430;23;5;171;52;31;2;13;23;24;3;9;6;;2;4;;0;	
Eijsden-Margraten;G1903;11243;Maastricht;K19;20250;16880;22;18;16840;3414;2393;3491;2020;1176;1615;820;104;482;756;17;2;410;44;21;3;20;28;;9;2;8;;3;2;;;	
Eindhoven;G0772;11298;'s-Hertogenbosch;K18;164406;128729;475;277;127977;24122;15850;10882;20279;15240;14599;6620;1986;5050;4506;250;4343;2139;441;811;172;144;123;86;98;78;75;;44;29;;10;	
Elburg;G0230;11113;Arnhem;K7;17316;14815;27;10;14778;2357;1523;2865;719;437;738;378;2661;206;334;2280;2;140;40;25;6;10;6;3;6;5;5;23;2;3;3;1;	
Emmen;G0114;11180;Assen;K3;85022;66823;157;78;66588;9869;12418;9455;5367;4304;10227;5627;1953;1412;3008;328;324;1518;237;144;;115;101;80;;54;27;;12;8;;;	
Enkhuizen;G0388;10729;Den Helder;K11;14177;11585;38;17;11530;2598;1496;1158;1356;1027;1246;802;245;462;412;164;162;223;44;51;14;13;20;10;7;5;7;;6;;;;2	
Enschede;G0153;10364;Zwolle;K4;119458;92746;335;134;92277;15236;14331;11163;12362;8574;10653;5837;3231;2551;2124;376;2774;1690;326;581;59;77;96;66;57;36;55;;22;;;;	
Epe;G0232;10940;Arnhem;K7;25890;21451;37;25;21389;5077;2592;3280;2060;1171;1600;1364;1127;559;755;893;364;312;69;43;3;21;25;17;9;11;4;21;4;2;5;1;	
Ermelo;G0233;10732;Arnhem;K7;20911;17587;40;21;17526;3646;1642;3574;1321;978;924;604;2217;442;416;1201;68;295;49;41;6;19;11;10;4;3;14;26;6;5;4;0;	
Etten-Leur;G0777;10750;Tilburg;K17;32857;26179;89;38;26052;6841;4172;3541;2624;1909;2863;1065;242;561;913;51;539;403;95;42;18;37;33;49;12;7;13;9;7;4;;2;	
Ferwerderadiel;G1722;11284;Leeuwarden;K2;6621;5372;10;5;5357;780;565;1491;346;328;571;338;410;146;185;54;4;91;15;10;;14;3;0;;2;2;;1;1;;;	
Franekeradeel;G0070;10404;Leeuwarden;K2;15726;12866;19;20;12827;2268;1446;2758;1122;1045;1363;1028;562;342;429;61;11;222;45;38;;28;14;20;;8;8;;9;0;;;	
Geertruidenberg;G0779;10101;Tilburg;K17;16929;13492;24;22;13446;3362;2554;1695;1165;801;1825;582;127;287;523;42;24;303;61;31;2;16;15;11;6;1;0;3;4;6;;0;	
Geldermalsen;G0236;10881;Nijmegen;K6;20165;17398;21;13;17364;4408;2860;2308;1505;917;969;731;435;337;555;1745;57;363;69;44;4;13;15;6;5;0;8;5;2;1;;2;	
Geldrop-Mierlo;G1771;10529;'s-Hertogenbosch;K18;30323;24634;42;34;24558;5312;3703;3377;3008;1961;3240;1059;299;724;875;31;236;397;91;104;13;29;23;25;13;16;6;;4;9;;3;	
Gemert-Bakel;G1652;10277;'s-Hertogenbosch;K18;23022;18792;30;27;18735;4271;2843;3691;1710;1067;2963;581;68;391;614;23;13;280;79;50;3;13;31;14;11;6;6;;3;1;;3;	
Gennep;G0907;10542;Maastricht;K19;13561;10832;23;11;10798;2276;1376;1520;1109;693;2325;511;83;284;281;11;64;168;38;19;0;19;9;;5;3;1;;2;1;;;	
Giessenlanden;G0689;10255;Dordrecht;K14;11217;9950;8;6;9936;2508;1062;1738;677;393;622;503;1022;177;244;688;7;172;38;12;3;18;5;7;1;3;4;27;3;1;;1;	
Gilze en Rijen;G0784;11375;Tilburg;K17;19958;16417;46;17;16354;3903;2356;2256;1816;1161;1975;694;90;365;714;30;472;311;58;45;4;27;19;29;6;4;8;3;4;1;;3;	
Goeree-Overflakkee;G1924;11067;Dordrecht;K14;38131;32212;69;33;32110;6179;4954;4105;1687;1098;2102;1376;2330;659;956;5644;8;603;155;51;7;48;23;16;12;12;9;62;10;2;;2;	
Goes;G0664;10674;Middelburg;K16;29383;23664;40;41;23583;4676;2576;3434;2328;1866;2436;1391;1144;733;721;1514;121;358;80;66;16;56;25;14;;6;8;;8;5;;1;	
Goirle;G0785;10971;Tilburg;K17;18187;15261;23;20;15218;3719;1917;2018;2036;1275;2015;733;86;359;549;7;80;261;48;25;8;20;19;17;8;6;0;5;4;2;;1;	
Gooise Meren;G1942;10281;Haarlem;K10;41824;36159;76;51;36032;12179;2636;3252;6511;3221;1624;2091;598;1405;896;140;389;706;107;118;26;32;36;20;18;9;11;;7;;;;	
Gorinchem;G0512;10942;Dordrecht;K14;26719;21658;66;43;21549;4546;2883;2135;2402;1741;1909;1340;1119;625;657;472;1075;400;68;52;16;19;19;10;11;3;2;38;4;3;;0;	
Gouda;G0513;10302;Leiden;K15;53620;44462;158;83;44221;7361;5471;4400;5750;4660;3188;2733;2721;1558;1202;1996;1735;797;192;164;29;78;49;;21;19;31;43;9;7;;7;	
Grave;G0786;10165;'s-Hertogenbosch;K18;9600;7971;9;6;7956;1831;1129;1189;912;527;1265;340;50;207;263;10;6;127;36;25;2;6;9;2;5;8;2;;1;2;;2;	
Groningen;G0014;10426;Groningen;K1;157993;130700;272;189;130239;17696;8723;8621;25973;24642;14152;10438;5757;6737;2181;453;501;2220;280;953;210;137;133;81;119;82;72;;45;33;;;	
Grootegast;G0015;11080;Groningen;K1;9303;7577;9;14;7554;1063;867;2052;497;413;781;342;809;132;185;175;1;144;28;20;0;9;16;5;7;4;1;;3;0;;;	
Gulpen-Wittem;G1729;11032;Maastricht;K19;11832;9961;25;19;9917;1703;1784;1865;922;856;1198;427;69;288;505;30;11;167;21;20;2;9;18;;8;4;6;;2;2;;;	
Haaksbergen;G0158;11435;Zwolle;K4;19026;16104;47;24;16033;3825;1792;3916;1736;796;1586;814;171;253;472;32;248;247;58;29;2;11;17;5;3;4;11;;5;;;;	
Haaren;G0788;11155;'s-Hertogenbosch;K18;11133;8964;16;4;8944;2546;908;1754;1034;622;911;341;73;203;324;16;9;104;29;17;2;14;6;20;3;4;2;;2;0;;0;	
Haarlem;G0392;10357;Haarlem;K10;116935;96727;342;191;96194;18447;8998;5853;17293;15172;6753;7512;1682;5476;2658;215;3076;1637;232;468;192;143;105;49;91;38;69;;35;;;;	
Haarlemmerliede en Spaarnwoude;G0393;10508;Haarlem;K10;4386;3754;9;2;3743;1126;452;421;474;346;215;214;44;145;119;8;19;88;25;18;4;0;12;4;3;3;2;;1;;;;	
Haarlemmermeer;G0394;11387;Haarlem;K10;106838;89321;320;108;88893;26485;12096;9182;10903;6579;5128;4462;2223;2808;3305;656;1381;2070;470;328;272;148;115;82;81;45;51;;23;;;;	
Halderberge;G1655;10397;Tilburg;K17;23211;18289;53;21;18215;4742;3630;2496;1497;1006;2222;630;146;376;715;33;233;286;55;44;4;24;28;14;6;1;8;5;9;4;;1;	
Hardenberg;G0160;10174;Zwolle;K4;45940;38849;76;36;38737;6705;4347;9959;2661;1551;3351;1710;4936;522;1168;764;30;640;134;74;9;34;56;30;15;16;15;;10;;;;	
Harderwijk;G0243;10786;Arnhem;K7;34738;29139;113;26;29000;6649;3172;4908;2485;1882;1635;1210;2854;709;752;790;1147;454;85;76;11;45;41;14;21;18;10;22;1;3;6;0;	
Hardinxveld-Giessendam;G0523;10167;Dordrecht;K14;13421;11648;18;8;11622;1832;1319;1741;443;292;616;417;1930;147;230;2360;20;161;21;24;1;13;12;4;5;0;6;25;2;0;;1;	
Haren;G0017;11058;Groningen;K1;14954;13348;21;14;13313;2946;656;1526;2301;1863;854;1165;766;564;241;75;8;196;26;34;7;20;14;17;6;2;15;;8;3;;;	
Harlingen;G0072;10909;Leeuwarden;K2;12343;9913;48;13;9852;1841;1334;1360;864;771;1233;846;367;347;435;48;15;240;47;31;;43;16;7;;1;5;;1;0;;;	
Hattem;G0244;10673;Arnhem;K7;9316;8155;12;3;8140;1512;658;1526;827;452;584;563;1342;132;169;180;21;92;25;12;2;4;4;2;1;1;2;26;0;0;3;0;	
Heemskerk;G0396;10679;Haarlem;K10;30434;25080;89;36;24955;6013;3436;2663;3048;2300;2372;1524;358;808;1011;51;378;600;133;88;40;31;24;23;16;7;23;;8;;;;	
Heemstede;G0397;11288;Haarlem;K10;20353;17997;34;23;17940;6481;1064;1812;3345;1634;679;1018;289;689;394;46;38;304;44;35;15;8;10;9;12;4;6;;4;;;;	
Heerde;G0246;10291;Arnhem;K7;14681;12347;22;9;12316;2233;1528;2620;902;509;928;697;1599;223;333;468;22;153;32;26;0;10;6;5;5;1;2;11;1;0;1;1;	
Heerenveen;G0074;10680;Leeuwarden;K2;38983;31913;75;48;31790;6259;3120;4318;3757;2996;3781;3378;1106;869;898;125;238;522;107;101;;86;57;31;;25;13;;3;0;;;	
Heerhugowaard;G0398;10752;Den Helder;K11;40555;32943;154;49;32740;8572;3992;3563;4047;2766;3061;1949;658;1059;1135;69;504;688;163;120;36;60;72;121;27;22;41;;8;;;;7	
Heerlen;G0917;10902;Maastricht;K19;69327;50450;215;102;50133;6541;11773;4822;4271;3594;10213;2044;390;1881;2251;83;678;932;162;168;37;93;62;;33;40;30;;19;16;;;	
Heeze-Leende;G1658;10462;'s-Hertogenbosch;K18;12453;10471;23;17;10431;3053;1172;1829;1321;625;1095;420;91;234;293;17;11;146;34;31;2;18;14;13;9;1;2;;0;0;;0;	
Heiloo;G0399;10793;Den Helder;K11;18041;15936;33;16;15887;4832;1166;1771;2553;1589;881;1197;238;689;382;53;17;301;70;56;7;19;20;7;11;12;11;;4;;;;1	
Hellendoorn;G0163;10806;Zwolle;K4;27996;24032;31;15;23986;4622;2498;7287;2113;1292;2239;1063;1168;375;598;192;37;301;51;36;4;25;25;25;12;15;5;;3;;;;	
Hellevoetsluis;G0530;11078;Dordrecht;K14;30341;24001;64;42;23895;5675;5205;2118;2025;1360;2074;1313;439;792;1227;100;331;739;218;72;25;56;40;21;22;16;5;13;6;2;;1;	
Helmond;G0794;10932;'s-Hertogenbosch;K18;65490;50067;219;110;49738;10493;10260;5272;4777;3532;7067;1898;388;1188;1805;51;1501;820;201;148;41;71;51;50;38;29;22;;12;4;;19;	
Hendrik-Ido-Ambacht;G0531;10416;Dordrecht;K14;22135;18904;36;22;18846;4414;2536;2333;1546;852;1127;763;1179;383;529;2441;167;373;73;32;15;19;19;13;6;5;3;14;3;1;;0;	
Hengelo;G0164;10907;Zwolle;K4;62163;51197;156;74;50967;9521;6180;8438;6532;4113;6599;3182;1240;1328;1181;143;1015;873;186;173;27;66;50;28;32;23;16;;21;;;;	
Het Bildt;G0063;10128;Leeuwarden;K2;7932;6406;7;11;6388;1092;731;1386;497;457;822;505;229;217;211;29;0;137;14;22;;11;15;6;;3;1;;1;2;;;	
Heumen;G0252;10600;Nijmegen;K6;12885;11162;10;10;11142;2708;1064;1659;1721;1153;1224;667;128;326;252;9;15;125;16;35;0;5;8;6;3;10;2;3;3;0;;0;	
Heusden;G0797;10307;'s-Hertogenbosch;K18;33544;27846;62;30;27754;7289;4415;4010;2980;1642;3121;1105;300;652;933;63;414;457;112;66;9;42;44;46;15;7;12;;15;3;;2;	
Hillegom;G0534;11236;Leiden;K15;16132;13504;37;14;13453;3870;1820;1641;1593;980;876;687;233;443;565;75;86;390;64;42;7;19;28;;5;11;4;3;7;3;;1;	
Hilvarenbeek;G0798;11297;Tilburg;K17;12062;10280;16;16;10248;2858;944;2093;1226;673;1200;434;75;226;299;9;4;112;25;20;1;7;11;15;4;2;1;3;5;1;;0;	
Hilversum;G0402;11285;Haarlem;K10;65195;53510;171;62;53277;12464;5470;4345;9036;6073;3704;3314;1441;2304;1800;351;1169;944;232;314;50;59;67;24;31;24;39;;22;;;;	
Hof van Twente;G1735;10076;Zwolle;K4;27631;23835;47;25;23763;6210;2466;5851;2560;1200;1956;1458;318;354;590;108;126;346;83;54;4;19;20;15;9;6;7;;3;;;;	
Hollands Kroon;G1911;10344;Den Helder;K11;36460;30126;58;26;30042;8618;4375;3887;2936;1867;2455;1650;576;820;1233;174;15;859;218;89;3;61;62;80;15;15;19;;8;;;;7	
Hoogeveen;G0118;10839;Assen;K3;42582;34377;70;50;34257;5385;5307;6958;2394;1812;4292;1993;2423;582;1194;693;147;720;135;70;;45;49;31;;14;6;;6;1;;;	
Hoogezand-Sappemeer;G0018;10410;Groningen;K1;26880;20363;48;22;20293;2832;3050;1788;1713;1808;3753;1907;820;576;900;73;497;300;66;65;13;26;27;36;15;11;9;;5;3;;;	
Hoorn;G0405;11392;Den Helder;K11;54585;43772;143;61;43568;10073;5432;3827;5592;4659;4212;3166;695;1728;1571;109;692;955;193;193;154;75;74;39;55;24;19;;24;;;;7	
Horst aan de Maas;G1507;11108;Maastricht;K19;32269;26557;38;49;26470;5720;3433;5886;2918;1444;3652;920;150;510;1049;24;30;426;99;67;2;33;50;;13;28;5;;6;5;;;	
Houten;G0321;10230;Utrecht;K8;36289;31677;53;32;31592;7958;3147;3810;4622;3129;1827;1734;1968;863;831;728;155;448;104;94;47;29;40;;9;6;15;11;7;4;5;1;	
Huizen;G0406;11170;Haarlem;K10;32127;27112;60;20;27032;7431;2803;3483;3260;1973;1457;1358;1528;926;854;603;437;584;101;67;28;53;27;9;18;11;13;;8;;;;	
Hulst;G0677;11408;Middelburg;K16;20025;15719;39;130;15550;3540;2804;2381;1289;882;1903;855;130;422;833;56;19;241;71;30;3;30;20;17;;6;6;;4;2;;6;	
IJsselstein;G0353;10152;Utrecht;K8;25671;21399;48;23;21328;5783;2804;2634;2996;1630;1447;1036;517;551;693;212;399;368;87;44;35;19;25;;8;8;6;15;4;3;4;0;	
Kaag en Braassem;G1884;10349;Leiden;K15;20408;17744;36;17;17691;5631;2335;2722;2171;1090;930;712;271;455;590;100;24;433;94;43;5;26;30;;9;5;4;5;3;2;;1;	
Kampen;G0166;10253;Zwolle;K4;38909;33715;70;39;33606;4543;3769;6505;2084;1934;2626;1373;4683;534;795;3630;378;475;82;83;13;31;15;13;17;9;6;;8;;;;	
Kapelle;G0678;11223;Middelburg;K16;9497;8349;16;6;8327;1812;837;1294;688;395;606;368;580;190;247;1087;5;139;36;16;1;5;12;2;;2;2;;3;0;;0;	
Katwijk;G0537;10707;Leiden;K15;48012;40943;112;31;40800;8212;5907;8263;2338;1528;1803;1181;3927;843;1146;3911;178;1079;172;105;17;45;38;;11;9;12;57;3;10;;5;	
Kerkrade;G0928;10313;Maastricht;K19;34977;25463;90;70;25303;3243;7324;2775;1617;1350;4900;1059;107;816;1217;22;145;460;66;59;6;33;27;;21;26;18;;7;5;;;	
Koggenland;G1598;10354;Den Helder;K11;17247;14815;31;16;14768;4982;1630;2233;1583;931;974;717;132;418;535;50;9;312;112;41;8;18;31;20;13;10;3;;5;;;;1	
Kollumerland en Nieuwkruisland;G0079;10984;Leeuwarden;K2;9979;8005;11;10;7984;1131;1089;2251;472;413;835;394;606;149;241;149;0;158;23;13;;18;13;11;;10;1;;2;5;;;	
Korendijk;G0588;10914;Dordrecht;K14;8512;7378;15;7;7356;1546;1042;922;491;327;431;284;315;180;251;1315;3;158;32;12;2;7;10;3;9;1;2;7;6;0;;0;	
Krimpen aan den IJssel;G0542;10859;Leiden;K15;22416;19046;39;21;18986;3616;2789;2009;1619;995;1216;1040;1259;470;579;2690;84;387;75;46;33;9;22;;7;5;16;12;3;5;;0;	
Krimpenerwaard;G1931;10050;Leiden;K15;42640;36865;97;39;36729;8934;4630;4830;3124;2018;2191;1883;2226;1034;1019;3433;276;708;157;77;9;55;32;;18;8;28;26;3;5;;5;	
Laarbeek;G1659;10173;'s-Hertogenbosch;K18;17180;13999;38;33;13928;3524;2189;2400;1383;707;2149;500;62;271;375;17;4;193;50;32;2;11;21;15;5;4;3;;5;4;;2;	
Landerd;G1685;10276;'s-Hertogenbosch;K18;11964;10167;16;18;10133;2598;1301;1916;1051;479;1659;360;63;169;298;10;2;131;28;25;3;10;11;2;6;7;1;;1;0;;2;	
Landgraaf;G0882;11335;Maastricht;K19;30100;23373;52;61;23260;3429;6130;2730;1880;1339;3884;1011;153;733;1200;23;66;425;69;51;5;48;31;;19;11;11;;7;5;;;	
Landsmeer;G0415;11225;Den Helder;K11;8712;7483;21;5;7457;1958;1005;546;1026;728;633;577;66;308;249;23;41;188;26;20;13;9;26;5;7;3;0;;0;;;;0	
Langedijk;G0416;10955;Den Helder;K11;21212;18185;40;21;18124;5163;2025;2141;2261;1559;1270;999;523;630;604;88;77;429;140;58;9;30;33;35;18;20;6;;5;;;;1	
Lansingerland;G1621;10139;Leiden;K15;43307;37633;65;47;37521;12033;4877;5027;4326;2060;1585;1473;2065;962;944;431;385;850;178;123;48;48;51;;13;12;8;17;2;2;;1;	
Laren;G0417;10649;Haarlem;K10;8563;7463;29;3;7431;3503;565;747;922;393;282;284;78;243;151;9;16;166;19;25;4;10;6;1;2;1;1;;3;;;;	
Leek;G0022;10604;Groningen;K1;15297;12565;27;10;12528;2145;1372;1969;1234;1090;1478;994;1045;297;391;143;21;201;30;36;3;14;18;15;11;6;4;;8;3;;;	
Leerdam;G0545;10685;Dordrecht;K14;15750;12896;41;9;12846;2460;1857;1666;896;684;903;550;879;279;344;1124;862;198;39;19;2;35;6;5;11;4;7;12;2;1;;1;	
Leeuwarden;G0080;11228;Leeuwarden;K2;84942;68694;148;110;68436;10422;7221;7294;9023;8809;8194;6964;2391;3041;1913;241;334;1487;248;354;;176;103;62;;57;45;;35;22;;;	
Leeuwarderadeel;G0081;10851;Leeuwarden;K2;8015;6828;11;8;6809;1161;650;1317;673;518;784;744;323;201;204;29;6;117;19;23;;13;9;9;;2;4;;0;3;;;	
Leiden;G0546;10702;Leiden;K15;92569;78161;255;173;77733;13071;8172;4818;16305;13179;5152;5387;1916;3692;1603;268;1631;1378;192;436;175;105;44;;49;32;46;37;19;19;;7;	
Leiderdorp;G0547;10058;Leiden;K15;20678;17794;51;20;17723;4493;1958;2001;2887;1581;1089;1219;415;531;526;183;239;388;64;57;15;24;19;;15;3;6;5;2;2;;1;	
Leidschendam-Voorburg;G1916;11103;Leiden;K15;55874;46677;159;77;46441;12831;5710;5351;7001;3744;2480;2755;958;1772;1443;210;501;977;195;141;97;64;63;;34;20;32;25;23;10;;4;	
Lelystad;G0995;11110;Lelystad;K5;56394;43737;158;97;43482;8493;7671;3825;4147;3796;4143;2564;1590;1670;1975;333;1308;921;230;216;227;90;64;49;45;24;31;45;14;11;;;	
Leudal;G1640;10840;Maastricht;K19;28439;22808;43;31;22734;4646;3715;4045;3770;966;2474;633;129;513;990;46;19;511;99;30;4;38;47;;20;11;14;;6;8;;;	
Leusden;G0327;10978;Utrecht;K8;22952;20237;47;24;20166;5464;1501;2968;2896;1770;1167;1037;1186;596;490;376;73;395;63;62;12;21;25;;13;12;11;6;6;5;11;0;	
Lingewaal;G0733;11376;Nijmegen;K6;8603;7347;18;8;7321;1659;1204;1241;543;341;412;416;539;155;185;400;24;128;23;14;3;11;2;1;1;4;2;11;1;1;;0;	
Lingewaard;G1705;10744;Arnhem;K7;35897;30367;46;75;30246;8125;3774;4261;4035;2245;3353;1496;289;727;1078;37;50;485;84;61;6;22;38;20;10;13;10;9;7;3;6;2;	
Lisse;G0553;10197;Leiden;K15;17554;15246;44;15;15187;4332;1740;2167;1809;902;832;600;475;448;587;720;24;360;80;42;6;17;15;;7;4;8;2;2;0;;8;	
Littenseradiel;G0140;10422;Leeuwarden;K2;8224;7142;7;5;7130;1422;502;1795;688;638;636;628;225;209;173;40;2;77;27;16;;22;14;8;;3;2;;1;2;;;	
Lochem;G0262;11263;Arnhem;K7;26754;23194;31;31;23132;6413;1551;3651;3464;2160;1763;1644;404;656;627;69;201;302;63;43;7;23;26;11;20;9;5;1;6;1;12;0;	
Loon op Zand;G0809;11259;Tilburg;K17;18110;14643;32;22;14589;3923;2480;2094;1369;938;1646;562;131;326;567;77;84;207;60;22;7;22;24;24;9;4;3;5;3;0;;2;	
Lopik;G0331;10333;Utrecht;K8;10810;9244;26;11;9207;2199;1438;1761;566;339;438;268;724;170;250;727;69;139;45;17;3;10;11;;6;7;2;9;2;0;5;2;	
Loppersum;G0024;10934;Groningen;K1;7825;6592;6;8;6578;693;551;1303;534;723;946;519;625;232;186;120;2;58;21;27;1;7;9;11;6;3;0;;0;1;;;	
Losser;G0168;11166;Zwolle;K4;17731;14421;25;11;14385;2900;2338;3696;1497;668;1436;583;136;213;508;15;44;228;38;29;2;9;17;16;6;3;3;;0;;;;	
Maasdriel;G0263;10341;Nijmegen;K6;18328;15490;28;25;15437;3947;3197;2852;1148;668;1346;509;199;290;498;295;40;293;52;40;1;13;18;6;7;1;5;4;6;1;;1;	
Maasgouw;G1641;10964;Maastricht;K19;19528;15047;26;31;14990;3083;2908;2462;1551;782;1831;503;94;432;775;21;11;342;63;42;4;26;24;;10;13;5;;5;3;;;	
Maassluis;G0556;10880;Dordrecht;K14;24741;20336;64;48;20224;4519;3388;2668;1875;1173;1381;1086;754;557;786;171;1176;381;101;66;38;30;24;9;9;5;11;6;5;1;;4;	
Maastricht;G0935;10182;Maastricht;K19;89222;68640;246;125;68269;10738;12477;7169;10145;7441;7693;3618;563;2593;2800;79;672;1575;130;193;65;76;66;;54;35;35;;29;23;;;	
Marum;G0025;11431;Groningen;K1;8130;6659;9;3;6647;1264;945;1189;538;429;767;464;394;156;217;73;1;114;24;18;3;10;14;9;7;3;2;;2;4;;;	
Medemblik;G0420;11215;Den Helder;K11;33335;27717;63;43;27611;7842;3561;3983;3058;1707;2027;1344;702;818;1066;239;159;639;174;99;10;41;52;43;19;12;8;;6;;;;2	
Meerssen;G0938;10494;Maastricht;K19;15461;12768;21;25;12722;2525;2273;2083;1534;909;1436;525;71;347;613;14;8;262;29;29;3;20;19;;3;10;5;;3;1;;;	
Meierijstad;G1948;10985;'s-Hertogenbosch;K18;61103;49691;119;69;49503;12714;6428;8712;5240;2962;6689;1904;246;944;1568;48;817;680;173;117;8;53;90;31;24;14;14;;8;7;;12;	
Menameradiel;G1908;11144;Leeuwarden;K2;10411;8866;17;3;8846;1618;849;1737;924;760;972;885;333;215;250;48;3;136;30;21;;34;13;9;;2;2;;2;3;;;	
Menterwolde;G1987;11282;Groningen;K1;9760;7766;22;17;7727;1041;1376;721;632;559;1581;689;272;228;356;31;9;129;21;25;4;7;14;18;4;7;1;;1;1;;;	
Meppel;G0119;11204;Assen;K3;25543;21542;43;22;21477;4590;2159;2893;2486;1928;2396;1614;1242;586;682;108;168;360;74;56;;46;35;14;;23;9;;1;7;;;	
Middelburg;G0687;10122;Middelburg;K16;36820;30381;72;45;30264;5022;2813;3405;3128;3072;3004;2160;2031;1217;818;2449;375;461;84;86;20;39;27;19;;14;9;;3;7;;1;	
Midden-Delfland;G1842;10130;Dordrecht;K14;14541;13041;34;12;12995;4149;1234;2431;1662;841;484;536;514;293;284;77;44;297;54;36;7;13;13;5;3;6;5;5;2;0;;0;	
Midden-Drenthe;G1731;10520;Assen;K3;26254;22268;37;22;22209;4555;2466;3871;2194;1574;2422;2007;902;523;807;215;9;411;82;43;;20;40;26;;19;12;;10;1;;;	
Mill en Sint Hubert;G0815;10535;'s-Hertogenbosch;K18;8632;7322;14;4;7304;1685;986;1479;561;326;1444;234;46;114;239;12;6;84;17;19;0;15;14;5;7;7;3;;0;0;;1;	
Moerdijk;G1709;10046;Tilburg;K17;28759;23065;31;29;23005;5832;4079;3276;1892;1253;2684;933;587;598;891;141;111;399;132;51;9;48;34;21;5;4;8;12;3;2;;0;	
Molenwaard;G1927;10451;Dordrecht;K14;21488;18982;30;10;18942;3045;1857;3261;806;553;904;646;2648;265;347;4165;18;261;59;21;2;17;10;6;2;7;3;38;1;0;;0;	
Montferland;G1955;10350;Arnhem;K7;28253;23264;45;17;23202;5486;4015;4284;2148;1237;2744;997;150;486;875;39;105;361;74;61;9;22;30;19;13;5;13;7;6;3;11;2;	
Montfoort;G0335;10033;Utrecht;K8;10434;9259;16;10;9233;2643;1086;1504;922;528;416;356;501;174;216;521;80;179;31;22;3;10;14;;5;1;5;7;3;0;6;0;	
Mook en Middelaar;G0944;10271;Maastricht;K19;6220;5436;18;4;5414;1324;547;642;879;580;602;328;57;217;112;4;3;64;17;9;1;10;8;;4;3;0;;2;1;;;	
Neder-Betuwe;G1740;10916;Nijmegen;K6;17000;14568;31;18;14519;2144;2033;1582;673;404;759;689;677;183;384;4618;53;188;41;20;1;12;22;3;4;7;3;17;2;0;;0;	
Nederweert;G0946;10681;Maastricht;K19;13534;10853;14;16;10823;2494;1844;2317;1023;501;1205;355;46;203;498;14;2;185;46;33;0;23;15;;5;5;7;;0;2;;;	
Neerijnen;G0304;10125;Nijmegen;K6;9181;7815;14;8;7793;1775;1349;1134;562;326;456;373;274;163;218;944;12;125;25;18;3;10;13;3;5;1;2;2;0;0;;0;	
Nieuwegein;G0356;10374;Utrecht;K8;47736;38044;147;60;37837;8169;6093;3965;4540;3201;3668;2273;1000;1148;1527;233;684;668;166;156;133;57;35;;24;17;21;29;9;3;14;4;	
Nieuwkoop;G0569;10728;Leiden;K15;21678;18228;40;14;18174;5572;2486;3186;1746;1019;932;680;501;383;562;368;42;416;101;61;5;25;41;;9;9;7;13;3;6;;1;	
Nijkerk;G0267;10446;Arnhem;K7;31153;26741;47;24;26670;6043;3363;4877;2083;1269;1244;966;2835;464;668;1862;334;392;78;55;9;33;23;12;10;10;3;17;10;4;4;2;	
Nijmegen;G0268;11209;Nijmegen;K6;141350;111701;298;146;111257;15952;10613;7384;21666;22391;12451;7004;1432;5219;2018;152;2152;1377;203;468;192;111;80;58;82;97;45;45;38;19;;8;	
Nissewaard;G1930;10735;Dordrecht;K14;67106;52447;221;86;52140;10560;12359;4789;4101;3093;5464;2879;1145;1555;2904;362;432;1360;340;183;182;92;69;67;57;32;33;52;14;5;;11;	
Noord-Beveland;G1695;10250;Middelburg;K16;5878;4794;11;11;4772;1172;711;698;332;253;410;296;141;180;175;217;3;105;30;13;1;8;15;4;;3;2;;2;0;;1;	
Noordenveld;G1699;10699;Assen;K3;24875;21044;38;14;20992;4441;2270;2597;2622;2082;2062;2180;851;617;643;98;1;313;48;41;;32;34;37;;11;5;;5;2;;;	
Noordoostpolder;G0171;10144;Lelystad;K5;33516;28260;56;33;28171;6283;3238;5647;2184;1346;2357;1280;2261;523;713;1221;203;494;108;66;15;39;38;26;20;27;19;52;8;3;;;	
Noordwijk;G0575;10769;Leiden;K15;19801;16691;40;35;16616;5578;2102;1906;1909;1174;943;764;276;520;592;79;70;499;82;43;4;25;23;;6;4;8;3;4;1;;1;	
Noordwijkerhout;G0576;11134;Leiden;K15;12271;10489;33;11;10445;3487;1390;1443;1126;669;593;387;120;289;438;15;14;339;58;26;4;12;13;;5;6;6;2;1;0;;2;	
Nuenen	 Gerwen en Nederwetten;G0820;10761;'s-Hertogenbosch;K18;18109;15723;14;24;15685;4432;1508;2269;2297;1240;1591;863;167;402;434;14;20;265;53;33;4;17;12;30;9;9;8;;4;2;;2;
Nunspeet;G0302;10512;Arnhem;K7;20798;17841;22;17;17802;2836;1810;2925;791;509;692;387;2420;276;340;4396;37;209;66;33;1;9;12;6;4;4;3;29;0;0;6;1;	
Nuth;G0951;10104;Maastricht;K19;12529;10282;28;34;10220;1976;1874;1836;958;646;1301;411;41;310;511;14;5;231;34;21;3;8;10;;11;3;4;;7;5;;;	
Oegstgeest;G0579;10287;Leiden;K15;17047;15207;18;19;15170;4531;1056;1560;3034;1547;607;1024;465;512;311;65;54;257;46;49;13;14;3;;6;3;7;3;1;2;;0;	
Oirschot;G0823;10225;'s-Hertogenbosch;K18;14628;12275;31;27;12217;3425;1523;2383;1282;617;1486;456;75;218;389;28;4;207;41;24;0;9;21;13;3;5;2;;1;4;;1;	
Oisterwijk;G0824;10103;Tilburg;K17;20268;16846;51;29;16766;5167;1868;2438;2094;1293;1731;639;128;387;543;21;58;236;50;35;8;7;19;17;12;5;0;3;2;4;;1;	
Oldambt;G1895;10453;Groningen;K1;30703;24053;50;47;23956;3260;4525;2412;1837;1715;4682;2211;849;666;952;113;12;440;75;75;4;29;30;21;15;9;9;;9;6;;;	
Oldebroek;G0269;11106;Arnhem;K7;17694;14833;34;9;14790;1831;1775;2863;644;392;777;485;3018;164;322;2203;5;174;37;13;1;8;9;11;7;2;5;39;3;0;2;0;	
Oldenzaal;G0173;11100;Zwolle;K4;24738;20801;55;33;20713;4777;2525;4277;2680;1350;2186;980;165;351;529;28;335;333;74;52;4;20;14;10;6;5;11;;1;;;;	
Olst-Wijhe;G1773;10409;Zwolle;K4;14073;11877;22;15;11840;2539;1113;2421;1376;937;1089;990;267;321;403;70;58;115;48;27;4;17;15;8;7;4;8;;3;;;;	
Ommen;G0175;11069;Zwolle;K4;13477;11691;22;9;11660;2082;936;3739;1006;488;726;475;1289;169;275;209;3;161;35;23;3;9;9;5;2;6;6;;4;;;;	
Onderbanken;G0881;10492;Maastricht;K19;6314;5119;15;10;5094;785;1265;733;418;319;796;152;27;156;245;9;8;103;26;9;1;21;8;;5;4;2;;1;1;;;	
Oost Gelre;G1586;11094;Arnhem;K7;23244;19708;32;26;19650;4853;1768;4780;2316;1119;2115;920;114;296;749;39;73;261;78;29;3;32;40;23;2;5;12;4;4;1;14;0;	
Oosterhout;G0826;11280;Tilburg;K17;42440;33823;107;103;33613;8581;5511;3952;3836;2428;3584;1484;313;778;1168;36;980;554;130;72;22;37;42;34;18;20;4;12;6;9;;2;	
Ooststellingwerf;G0085;10836;Leeuwarden;K2;20382;16447;30;16;16401;2798;2196;2746;1488;1300;1950;1418;669;549;559;136;8;356;57;41;;34;39;21;;17;3;;12;4;;;	
Oostzaan;G0431;11303;Den Helder;K11;7529;6452;17;14;6421;1802;1114;423;666;495;432;496;107;260;284;27;30;158;48;27;12;10;14;2;5;5;2;;1;;;;1	
Opmeer;G0432;10609;Den Helder;K11;8870;7364;13;10;7341;2286;815;1129;943;482;461;358;66;177;287;17;2;171;63;27;2;12;15;7;6;10;2;;2;;;;1	
Opsterland;G0086;10005;Leeuwarden;K2;23192;19136;31;37;19068;3271;1793;3195;1886;1610;2281;1856;1397;485;501;267;9;254;75;43;;50;32;18;;20;20;;3;2;;;	
Oss;G0828;10834;'s-Hertogenbosch;K18;69501;55836;139;109;55588;11543;9159;7943;5413;3447;9615;2212;320;1122;1756;42;1521;850;201;157;27;60;75;47;25;18;15;;10;6;;4;	
Oud-Beijerland;G0584;11301;Dordrecht;K14;18538;15908;27;22;15859;3766;2248;1846;1548;897;1010;820;825;426;461;1418;17;379;59;45;6;32;12;9;15;10;2;1;4;1;;2;	
Oude IJsselstreek;G1509;10260;Arnhem;K7;31153;25558;51;22;25485;5606;3043;4707;2755;1538;3394;1360;373;502;885;63;620;288;80;48;6;22;96;27;18;10;6;8;9;6;11;4;	
Ouder-Amstel;G0437;10998;Haarlem;K10;9917;8516;23;10;8483;2305;732;833;1431;878;407;671;156;327;288;85;51;155;27;30;56;8;12;3;11;0;10;;7;;;;	
Oudewater;G0589;10188;Utrecht;K8;7802;6706;10;5;6691;2004;760;1243;648;357;287;223;358;142;163;297;18;117;36;11;2;5;7;;1;3;1;4;1;0;2;1;	
Overbetuwe;G1734;11188;Arnhem;K7;36060;30290;86;30;30174;7459;3679;4543;4078;2222;2695;1492;906;749;862;609;117;467;84;58;4;40;34;18;14;12;6;8;5;2;9;2;	
Papendrecht;G0590;10427;Dordrecht;K14;24962;20712;64;21;20627;4653;3048;2713;1794;1296;1620;1009;1349;506;750;913;214;452;113;62;16;29;15;16;11;4;9;21;8;1;;5;	
Peel en Maas;G1894;10205;Maastricht;K19;34042;27275;53;53;27169;6045;4471;6327;2525;1291;2839;821;98;486;1203;41;143;490;122;59;6;98;48;;20;10;14;;7;5;;;	
Pekela;G0765;10848;Groningen;K1;9832;7450;18;28;7404;765;1791;744;372;417;1779;614;206;163;269;50;15;106;29;23;1;10;14;11;11;8;1;;2;3;;;	
Pijnacker-Nootdorp;G1926;10031;Leiden;K15;37839;32541;84;36;32421;9778;4387;4114;4424;2288;1550;1472;991;894;782;253;259;757;156;104;35;61;45;;14;10;16;13;9;4;;5;	
Purmerend;G0439;11066;Den Helder;K11;62330;49080;201;71;48808;10687;9191;3826;5407;4177;4400;3209;691;1765;2474;89;553;1112;252;252;354;92;94;45;57;30;27;;15;;;;9	
Putten;G0273;11109;Arnhem;K7;18603;16147;30;15;16102;3560;1836;3368;818;471;619;369;2182;246;348;1916;38;208;36;15;2;8;15;3;7;5;2;21;1;3;5;0;	
Raalte;G0177;10279;Zwolle;K4;29028;24640;47;30;24563;5988;1860;7112;2861;1444;1969;1117;423;322;797;61;104;281;64;38;4;37;22;21;10;13;12;;3;;;;	
Reimerswaal;G0703;10077;Middelburg;K16;15518;13264;21;16;13227;1860;1686;1555;499;312;815;426;695;208;297;4484;69;200;46;27;4;11;10;6;;4;6;;1;2;;4;	
Renkum;G0274;11325;Arnhem;K7;24869;21089;30;34;21025;5001;1879;2524;3518;2439;1471;1469;579;909;524;125;92;286;49;50;8;22;13;8;13;11;4;6;7;2;15;1;	
Renswoude;G0339;10269;Utrecht;K8;3678;3267;8;0;3259;670;363;709;124;62;103;53;290;45;71;670;3;67;16;3;0;0;2;;4;0;2;2;0;0;0;0;	
Reusel-De Mierden;G1667;10162;'s-Hertogenbosch;K18;10067;8087;17;13;8057;2062;1107;1606;751;359;1152;278;39;148;331;14;2;105;20;21;1;10;16;19;5;1;7;;0;2;;1;	
Rheden;G0275;11355;Arnhem;K7;34843;28594;34;51;28509;5829;3529;3091;4016;2868;3157;2176;744;1151;763;132;322;370;86;82;16;41;33;14;21;16;11;22;4;0;15;0;	
Rhenen;G0340;10309;Utrecht;K8;14890;12611;19;10;12582;2521;1663;1573;1096;760;613;577;733;254;307;2002;124;232;52;17;2;6;9;;11;5;5;10;2;4;4;0;	
Ridderkerk;G0597;10646;Dordrecht;K14;36204;29262;51;52;29159;5385;5273;3460;2183;1588;2233;1351;1688;764;1263;2493;419;662;132;76;31;50;26;9;17;7;14;21;8;2;;4;	
Rijnwaarden;G0196;10819;Arnhem;K7;8577;6848;17;13;6818;1447;1309;958;655;373;958;309;63;163;347;12;6;130;27;17;1;8;7;4;4;4;2;1;5;0;6;2;	
Rijssen-Holten;G1742;10358;Zwolle;K4;28119;25038;58;21;24959;3646;2316;5043;1268;688;1149;810;2824;233;444;5899;153;303;63;28;2;23;22;13;12;12;3;;5;;;;	
Rijswijk;G0603;11133;Dordrecht;K14;38497;30813;81;51;30681;6852;5507;3015;4014;2748;2009;1752;621;1171;1164;114;517;692;119;140;69;45;34;16;11;25;18;14;6;5;;3;	
Roerdalen;G1669;10196;Maastricht;K19;16486;12975;21;14;12940;2341;3044;2135;1148;682;1471;471;69;364;742;16;27;284;55;24;0;14;24;;13;7;4;;3;2;;;	
Roermond;G0957;11313;Maastricht;K19;43935;33083;98;67;32918;6169;6169;3907;3596;2595;3753;1325;227;1069;1333;27;1384;902;133;83;29;50;45;;33;34;30;;11;14;;;	
Roosendaal;G1674;10407;Tilburg;K17;58707;45949;183;87;45679;10749;8177;5745;4296;4098;4867;1753;365;1001;1629;71;1629;751;143;99;23;81;41;35;25;21;45;16;13;4;;2;	
Rotterdam;G0599;10345;Rotterdam;K13;453152;327657;2758;668;324231;53382;50759;18813;42687;37591;26830;20627;7622;12618;10835;2323;25710;5753;1208;1432;4297;396;295;200;254;151;196;;123;87;;42;	
Rozendaal;G0277;10684;Arnhem;K7;1160;1108;1;0;1107;456;61;115;197;85;17;65;24;40;21;5;0;16;1;1;0;0;0;0;0;1;0;0;1;1;0;0;	
Rucphen;G0840;11152;Tilburg;K17;18294;13894;20;8;13866;2718;5396;1575;721;456;1411;377;66;224;563;8;9;217;44;12;1;13;16;12;6;2;6;5;5;0;;3;	
Saba;O9003;10301;Bonaire;K20;889;385;2;0;383;13;11;40;115;62;100;25;4;2;2;0;0;4;2;;1;1;1;;;;;;;;;;	
Schagen;G0441;10511;Den Helder;K11;36106;30236;84;33;30119;9169;3265;3545;3658;2433;2381;1964;361;1014;1059;67;19;683;158;107;4;45;54;65;18;13;24;;9;;;;4	
Scherpenzeel;G0279;11146;Arnhem;K7;7156;6281;13;3;6265;1418;712;1059;336;158;216;167;561;62;109;1281;10;123;25;5;0;3;6;5;1;0;0;6;0;0;2;0;	
Schiedam;G0606;11260;Dordrecht;K14;55942;42384;177;124;42083;7120;8339;3274;4209;3444;4008;2397;706;1397;1783;211;3453;894;214;156;201;65;44;31;29;15;23;36;22;9;;3;	
Schiermonnikoog;G0088;10355;Leeuwarden;K2;774;1006;2;0;1004;207;52;138;126;149;79;102;50;58;12;8;0;9;6;1;;3;1;0;;2;0;;1;0;;;	
Schinnen;G0962;10132;Maastricht;K19;10449;8766;13;12;8741;1548;1441;1576;1000;591;1132;341;69;306;443;20;7;170;32;21;2;14;4;;6;8;8;;1;1;;;	
Schouwen-Duiveland;G1676;10843;Middelburg;K16;26974;22943;45;16;22882;5613;2872;3053;1770;1178;1828;1242;1065;723;706;2149;4;468;75;39;4;21;31;10;;7;10;;10;1;;3;	
's-Gravenhage;G0518;11434;'s-Gravenhage;K12;429824;324737;1542;562;322633;67595;45242;19853;51649;39242;17614;21784;6134;13785;7850;1638;19263;5781;1024;1315;1253;352;266;170;226;133;240;;105;70;;;49	
's-Hertogenbosch;G0796;10054;'s-Hertogenbosch;K18;117667;95453;267;153;95033;21683;13810;9241;13484;10218;10198;4724;850;3116;2760;140;2107;1532;282;334;78;109;106;72;65;29;43;;27;17;;8;	
Simpelveld;G0965;10515;Maastricht;K19;8320;6692;12;7;6673;1059;1510;1154;582;383;991;300;27;186;316;7;3;95;10;17;1;5;15;;2;4;3;;3;0;;;	
Sint Anthonis;G1702;11415;'s-Hertogenbosch;K18;9203;7938;8;9;7921;1838;688;2070;684;372;1598;211;37;118;150;21;2;72;9;10;0;9;15;7;5;4;1;;0;0;;0;	
Sint Eustatius;O9002;11253;Bonaire;K20;1873;436;4;0;432;6;8;338;27;15;8;5;4;3;2;0;0;2;0;;14;0;0;;;;;;;;;;	
Sint-Michielsgestel;G0845;10496;'s-Hertogenbosch;K18;22218;18378;32;23;18323;4787;2380;2821;2368;1309;2218;826;136;427;523;18;17;276;70;49;6;16;19;29;6;5;7;;1;0;;9;	
Sittard-Geleen;G1883;11230;Maastricht;K19;74963;58128;145;110;57873;8944;12115;8609;6130;4576;7525;2450;388;1993;2745;42;570;1141;188;156;21;68;84;;41;27;36;;15;9;;;	
Sliedrecht;G0610;11331;Dordrecht;K14;18892;15392;40;19;15333;2411;1998;1990;899;659;1220;715;1652;332;439;2398;216;228;54;39;6;19;15;9;5;6;6;14;1;2;;0;	
Slochteren;G0040;10747;Groningen;K1;11613;9591;25;16;9550;1590;1088;1250;921;782;1314;777;881;269;297;122;3;135;27;27;1;12;33;6;4;6;3;;0;2;;;	
Sluis;G1714;10895;Middelburg;K16;17596;13714;30;26;13658;3544;2305;1881;1032;742;1461;996;229;363;532;187;6;228;67;33;4;8;18;4;;8;1;;7;1;;1;	
Smallingerland;G0090;10405;Leeuwarden;K2;43147;35511;88;61;35362;5075;3982;6048;3200;2800;4445;3103;3235;901;971;500;71;559;104;110;;136;43;19;;25;16;;9;10;;;	
Soest;G0342;11021;Utrecht;K8;34925;29799;70;31;29698;8575;3449;3414;3805;2334;1472;1311;1073;992;810;481;1130;512;97;91;22;28;27;;15;16;5;13;14;1;9;2;	
Someren;G0847;10203;'s-Hertogenbosch;K18;14837;12224;23;20;12181;3358;1923;2349;1082;522;1379;383;62;202;556;18;16;173;68;22;2;14;22;8;4;4;9;;4;1;;0;	
Son en Breugel;G0848;10549;'s-Hertogenbosch;K18;12740;10732;14;16;10702;3157;1135;1707;1471;754;901;447;126;311;371;17;12;161;46;29;5;9;17;7;4;7;4;;3;0;;1;	
Stadskanaal;G0037;10610;Groningen;K1;25733;19597;50;31;19516;2310;3150;3318;1218;996;3250;1461;1865;345;742;279;7;345;53;54;3;17;28;32;18;13;6;;3;3;;;	
Staphorst;G0180;11362;Zwolle;K4;11881;10836;30;11;10795;1095;906;1893;309;212;280;222;1771;111;136;3659;0;136;20;12;1;8;4;5;5;4;4;;2;;;;	
Stede Broec;G0532;11337;Den Helder;K11;16328;13461;39;22;13400;3383;1998;1829;1433;882;1361;709;175;383;624;52;51;287;89;44;9;24;19;17;9;12;2;;4;;;;4	
Steenbergen;G0851;10731;Tilburg;K17;18314;14586;23;24;14539;3599;3322;1830;1164;686;1587;531;217;318;607;183;13;289;72;29;2;15;17;13;4;7;5;21;5;1;;2;	
Steenwijkerland;G1708;10546;Zwolle;K4;32925;28420;57;29;28334;5924;3455;5441;2504;1628;2620;2028;1958;653;914;349;132;417;81;61;12;34;40;23;22;19;17;;2;;;;	
Stein;G0971;11319;Maastricht;K19;20563;16678;32;36;16610;2749;3784;2348;1484;1010;2433;573;80;513;1000;24;36;342;67;45;6;28;45;;17;9;7;;4;6;;;	
Stichtse Vecht;G1904;10191;Utrecht;K8;49098;41575;104;49;41422;11581;5296;4789;5675;3263;2363;2116;1341;1254;1288;826;360;743;148;124;42;51;48;;28;19;5;27;11;11;12;1;	
Strijen;G0617;10558;Dordrecht;K14;7152;6013;12;11;5990;1449;962;874;492;296;425;315;306;185;188;227;1;178;32;17;3;11;4;4;2;4;2;12;0;0;;1;	
Súdwest-Fryslân;G1900;11421;Leeuwarden;K2;65027;54314;94;70;54150;10248;5769;12420;5164;4145;5288;3890;2094;1401;1454;289;100;993;190;159;;337;69;47;;34;30;;22;7;;;	
Ten Boer;G0009;10891;Groningen;K1;5566;4863;7;2;4854;532;395;852;416;527;643;409;595;145;129;96;1;59;11;22;1;1;5;10;3;2;0;;0;0;;;	
Terneuzen;G0715;10704;Middelburg;K16;40523;30880;78;47;30755;5634;5351;4244;2493;1754;3349;1723;1447;708;1356;1257;520;512;123;92;29;43;38;25;;20;14;;11;6;;6;	
Terschelling;G0093;11210;Leeuwarden;K2;4054;3724;5;9;3710;1008;345;423;450;335;247;435;78;144;98;9;1;77;12;22;;10;8;2;;1;3;;1;1;;;	
Texel;G0448;10237;Den Helder;K11;10762;10006;18;14;9974;2704;963;1310;1144;1003;806;776;210;373;271;72;1;179;61;32;6;15;15;12;5;11;1;;4;;;;0	
Teylingen;G1525;10017;Leiden;K15;27121;23661;44;21;23596;7594;2414;3218;3481;1789;1219;987;512;646;749;93;97;525;73;73;6;35;24;;14;17;14;5;6;2;;3;	
Tholen;G0716;10376;Middelburg;K16;19150;16046;24;20;16002;2455;2475;1902;712;491;1282;620;1019;277;419;3897;53;258;59;20;2;13;11;13;;4;7;;9;3;;1;	
Tiel;G0281;10027;Nijmegen;K6;31128;24430;81;22;24327;5488;4179;2319;2479;1982;2091;1468;509;681;903;201;1084;550;104;73;14;73;25;24;12;20;18;20;10;0;;0;	
Tilburg;G0855;10792;Tilburg;K17;161341;121248;365;218;120665;24204;16470;11174;17903;14456;13758;5726;1001;4236;3923;175;3971;1923;396;442;205;120;123;159;67;50;51;60;37;24;;11;	
Tubbergen;G0183;10694;Zwolle;K4;16261;13818;25;9;13784;3222;1599;5749;973;374;748;314;75;119;285;38;1;185;48;16;1;7;11;6;3;2;3;;5;;;;	
Twenterand;G1700;10643;Zwolle;K4;25617;21120;40;28;21052;2966;3287;6200;1065;589;2018;712;2003;214;573;977;5;242;62;57;1;10;26;18;7;6;10;;4;;;;	
Tynaarlo;G1730;10002;Assen;K3;25870;22411;33;22;22356;5283;1761;2509;3401;2485;1861;2181;986;702;573;70;9;284;57;62;;22;31;52;;8;8;;6;5;;;	
Tytsjerksteradiel;G0737;11241;Leeuwarden;K2;24702;20853;37;25;20791;3099;2216;5099;1808;1526;2130;1611;1350;511;557;234;5;347;95;47;;65;40;14;;18;2;;9;8;;;	
Uden;G0856;11141;'s-Hertogenbosch;K18;31955;26020;76;44;25900;6544;3304;4026;3020;1644;3756;1029;145;593;746;22;358;415;78;71;8;21;39;23;15;27;5;;3;4;;4;	
Uitgeest;G0450;11238;Den Helder;K11;10287;8979;19;10;8950;2715;862;980;1267;815;688;568;101;296;270;16;14;210;59;35;5;11;17;4;8;3;4;;0;;;;2	
Uithoorn;G0451;11206;Haarlem;K10;21582;18195;49;14;18132;5717;2286;1822;2300;1368;1084;973;290;592;729;59;203;394;85;94;32;19;30;10;14;17;9;;5;;;;	
Urk;G0184;10783;Lelystad;K5;13210;11857;36;11;11810;210;1304;1680;58;29;78;19;1376;22;55;6635;9;199;21;22;0;3;4;1;4;1;2;77;0;1;;;	
Utrecht;G0344;10722;Utrecht;K8;249226;208799;763;256;207780;35248;15157;11377;46444;42093;9995;12030;5486;9482;2952;671;11441;2430;380;1077;644;196;144;;95;58;132;74;61;43;59;11;	
Utrechtse Heuvelrug;G1581;10777;Utrecht;K8;37968;32819;70;30;32719;8758;2976;4025;4669;3136;1668;1705;1337;1183;792;1297;305;555;72;72;12;44;26;;18;13;11;21;8;2;13;1;	
Vaals;G0981;10007;Maastricht;K19;6062;4728;34;9;4685;783;989;711;376;315;662;257;30;174;242;4;4;100;9;12;1;4;2;;2;3;0;;1;4;;;	
Valkenburg aan de Geul;G0994;11077;Maastricht;K19;13716;11147;20;26;11101;2294;2012;1843;1243;762;1156;448;86;356;533;12;14;253;29;22;3;10;8;;5;4;6;;2;0;;;	
Valkenswaard;G0858;11031;'s-Hertogenbosch;K18;24462;20006;50;52;19904;4865;3188;2927;2051;1227;2545;883;187;464;910;23;19;347;73;51;5;38;24;26;14;21;7;;1;6;;2;	
Veendam;G0047;11292;Groningen;K1;21838;17131;50;23;17058;2380;2831;1702;1561;1183;3252;1591;509;432;665;68;314;335;48;49;6;8;22;51;17;10;6;;12;6;;;	
Veenendaal;G0345;11052;Utrecht;K8;47967;40669;111;58;40500;7465;4689;5822;2986;2079;2414;1273;5518;592;979;4202;1385;642;134;107;19;45;24;;14;23;21;34;8;6;14;5;	
Veere;G0717;10369;Middelburg;K16;17165;15156;24;13;15119;3423;1173;2561;1198;811;917;791;873;425;360;2179;4;264;54;33;2;13;22;5;;5;0;;3;3;;0;	
Veldhoven;G0861;10071;'s-Hertogenbosch;K18;34592;28272;53;46;28173;7045;4032;3868;3406;1913;3697;1174;342;692;1064;49;50;437;117;102;6;34;46;35;20;6;15;;7;8;;8;	
Velsen;G0453;10620;Haarlem;K10;51966;42735;112;66;42557;10211;6947;3737;5436;3389;3447;2595;993;1537;1793;122;594;1076;237;160;23;63;61;43;37;16;26;;14;;;;	
Venlo;G0983;10477;Maastricht;K19;75914;58119;211;156;57752;11199;11672;7367;5777;4138;7004;2285;330;1456;2687;68;1936;1240;162;149;22;76;60;;39;24;34;;22;5;;;	
Venray;G0984;11222;Maastricht;K19;33041;26501;66;55;26380;5798;3358;4741;2944;1583;4265;1035;175;431;833;45;506;386;93;52;12;21;43;;27;11;12;;9;0;;;	
Vianen;G0620;10887;Utrecht;K8;15208;12535;24;23;12488;2871;1954;1666;1360;870;908;737;390;353;434;356;206;214;52;38;14;16;21;;5;3;7;7;2;1;2;1;	
Vlaardingen;G0622;10811;Dordrecht;K14;54290;43200;146;71;42983;8036;7869;4181;4125;3113;4057;2488;1193;1378;1731;659;2433;971;228;134;122;82;40;27;40;20;17;29;5;5;;0;	
Vlagtwedde;G0048;11249;Groningen;K1;12733;10123;22;18;10083;1492;1887;1591;662;563;1650;753;322;309;452;83;2;164;37;21;1;35;21;16;7;4;4;;2;5;;;	
Vlieland;G0096;10211;Leeuwarden;K2;864;873;5;0;868;254;72;68;139;94;61;63;21;35;30;9;0;8;8;4;;2;0;0;;0;0;;0;0;;;	
Vlissingen;G0718;10270;Middelburg;K16;34001;26100;77;56;25967;4741;4049;2696;2526;2133;3159;1700;831;1003;1207;507;396;581;116;126;32;45;42;24;;14;15;;9;6;;9;	
Voerendaal;G0986;11341;Maastricht;K19;10122;8539;12;18;8509;1635;1428;1473;1007;533;1115;388;60;245;395;5;15;133;15;11;3;22;10;;4;6;4;;2;0;;;	
Voorschoten;G0626;10537;Leiden;K15;18710;16549;48;24;16477;4911;1604;1889;2730;1518;845;999;382;574;339;52;105;323;59;52;6;19;32;;6;12;11;4;2;2;;1;	
Voorst;G0285;10912;Arnhem;K7;19151;16060;40;17;16003;4340;1444;2960;1994;953;1394;1003;313;319;544;301;58;210;53;25;0;10;26;14;12;12;1;6;3;1;4;3;	
Vught;G0865;11224;'s-Hertogenbosch;K18;20247;16901;23;21;16857;4933;1577;1862;2751;1563;1749;913;152;487;427;27;24;228;45;46;7;16;12;12;8;8;5;;1;2;;2;	
Waalre;G0866;10959;'s-Hertogenbosch;K18;12898;11181;33;13;11135;3263;1165;1503;1655;822;991;490;148;367;374;22;9;200;49;20;2;17;10;7;5;8;2;;5;1;;0;	
Waalwijk;G0867;11359;Tilburg;K17;36412;28789;113;49;28627;7118;4562;3750;2689;1690;3180;1042;738;662;1165;574;612;488;122;71;2;32;32;34;11;15;6;19;8;0;;5;	
Waddinxveen;G0627;10081;Leiden;K15;20270;17271;25;32;17214;3739;2128;2319;1613;979;951;755;1588;353;557;1427;300;304;54;45;4;31;19;;11;2;10;19;3;1;;2;	
Wageningen;G0289;11010;Arnhem;K7;27949;23736;73;37;23626;3232;1418;1853;5485;4760;1678;1775;1124;1040;378;233;92;270;37;118;23;20;11;8;14;15;11;8;10;4;8;1;	
Wassenaar;G0629;10164;Leiden;K15;17699;15233;45;14;15174;6331;1749;1843;1694;742;508;500;215;474;359;70;36;493;43;26;9;36;13;;6;9;5;2;3;8;;0;	
Waterland;G0852;10983;Den Helder;K11;13520;11993;25;17;11951;3060;1391;1689;1484;1136;746;904;212;448;361;41;16;306;63;28;17;13;15;4;6;4;1;;6;;;;0	
Weert;G0988;11081;Maastricht;K19;38674;30856;94;56;30706;6651;5395;4493;3389;1765;3651;1135;208;691;1452;34;735;708;131;79;9;63;39;;31;13;14;;17;3;;;	
Weesp;G0457;10773;Haarlem;K10;14187;11816;60;17;11739;2714;1211;1119;1836;1407;827;802;175;449;459;48;316;176;57;49;20;25;14;5;9;8;11;;2;;;;	
Werkendam;G0870;10078;Tilburg;K17;20594;17054;24;28;17002;3356;2629;3116;987;615;1216;576;1242;280;441;2093;11;258;70;20;3;18;21;9;6;5;5;20;1;2;;2;	
West Maas en Waal;G0668;10042;Nijmegen;K6;14922;12643;31;8;12604;3545;1931;1893;1158;671;1718;495;69;272;466;18;5;196;57;28;3;27;19;9;4;4;4;6;4;1;;1;	
Westerveld;G1701;10186;Assen;K3;15504;13119;17;18;13084;3316;1267;1775;1348;1093;1217;1252;377;518;483;80;2;206;56;23;;20;20;5;;11;6;;5;4;;;	
Westervoort;G0293;11085;Arnhem;K7;11848;9707;13;24;9670;1859;1484;1202;1186;803;1275;606;204;298;378;20;70;161;27;24;5;15;11;6;6;3;6;5;3;5;7;1;	
Westland;G1783;11418;Dordrecht;K14;78890;67035;140;86;66809;21812;11069;12452;5116;2624;2480;1866;1921;1349;1723;1049;517;2053;287;130;5;92;83;36;23;32;22;45;13;4;;6;	
Weststellingwerf;G0098;11322;Leeuwarden;K2;20349;16609;26;33;16550;3294;2384;2668;1453;1247;2022;1301;425;459;604;83;43;266;55;50;;27;25;16;;116;6;;3;3;;;	
Westvoorne;G0614;10009;Dordrecht;K14;11563;9792;16;17;9759;3392;1591;1099;945;389;519;497;149;338;353;49;7;280;66;20;5;19;10;6;6;7;4;3;3;1;;1;	
Wierden;G0189;10676;Zwolle;K4;18671;16449;39;15;16395;3750;1808;4853;1222;600;945;508;1264;158;306;630;18;216;41;18;0;12;15;15;5;4;7;;0;;;;	
Wijchen;G0296;10723;Nijmegen;K6;31758;26650;48;34;26568;6737;3770;3592;3340;1892;3315;1337;236;638;891;35;115;360;85;62;11;34;51;22;22;7;9;3;1;2;;1;	
Wijdemeren;G1696;10534;Haarlem;K10;18439;15866;37;21;15808;5371;1660;2043;2005;1051;812;769;375;526;474;133;25;357;77;53;7;12;22;11;10;4;10;;1;;;;	
Wijk bij Duurstede;G0352;10760;Utrecht;K8;18298;15592;26;15;15551;4051;2055;1983;1838;1336;1257;813;478;420;391;390;68;299;48;45;5;21;16;;5;7;6;5;4;1;9;0;	
Winsum;G0053;11135;Groningen;K1;10442;9069;8;10;9051;1080;585;1579;875;1128;1064;984;861;348;208;107;0;110;26;37;4;13;7;17;7;9;0;;2;0;;;	
Winterswijk;G0294;11119;Arnhem;K7;22428;18364;31;21;18312;4174;1707;2835;2279;1572;2160;1482;363;369;618;64;155;276;94;39;5;16;38;10;9;10;3;10;9;3;11;1;	
Woensdrecht;G0873;10602;Tilburg;K17;16157;12837;33;11;12793;3222;2725;1790;1053;599;1481;480;106;309;544;20;29;241;60;19;3;16;11;53;6;7;10;5;0;2;;2;	
Woerden;G0632;10974;Utrecht;K8;38768;33450;59;30;33361;8462;3312;5176;4204;2597;1694;1720;1946;821;767;1238;444;567;127;81;22;50;46;;14;15;13;24;1;4;14;2;	
Wormerland;G0880;10648;Den Helder;K11;12539;10620;18;13;10589;2694;1255;1034;1172;1101;1046;763;205;386;423;43;58;236;48;46;17;21;16;5;11;2;2;;4;;;;1	
Woudenberg;G0351;11398;Utrecht;K8;9430;8209;17;18;8174;1736;765;1283;569;324;343;296;736;136;171;1612;16;105;23;22;2;5;4;;3;2;3;13;2;2;1;0;	
Woudrichem;G0874;10282;Tilburg;K17;11308;9692;15;10;9667;1917;1221;2002;582;394;709;357;1331;184;227;463;1;161;48;19;2;4;12;8;3;1;1;18;1;1;;0;	
Zaanstad;G0479;11044;Den Helder;K11;113741;90830;355;138;90337;17410;13188;6510;10379;9214;9308;6388;1676;3706;3710;363;4538;1824;433;375;631;134;161;98;92;57;65;;36;;;;41	
Zaltbommel;G0297;10557;Nijmegen;K6;20316;17299;47;17;17235;3489;1957;2213;1525;974;1189;776;1226;358;399;2520;160;287;49;37;6;23;12;8;6;6;1;7;4;0;;3;	
Zandvoort;G0473;10910;Haarlem;K10;13363;10951;37;20;10894;3475;1769;815;1179;713;651;604;72;517;454;14;38;378;84;40;7;18;28;9;10;6;7;;6;;;;	
Zederik;G0707;10618;Dordrecht;K14;10578;9337;22;6;9309;1729;957;1937;506;320;446;413;1096;139;173;1400;2;88;35;15;1;11;10;1;6;2;8;11;0;0;;3;	
Zeewolde;G0050;10012;Lelystad;K5;15579;13404;26;17;13361;3713;1743;1922;1300;760;787;431;1158;364;365;226;49;326;72;48;7;15;27;8;6;6;3;19;5;1;;;	
Zeist;G0355;10324;Utrecht;K8;46895;39065;117;55;38893;9818;3753;3753;5963;4496;2154;2211;1472;1593;860;726;1001;606;111;128;56;44;30;;17;21;19;12;15;4;29;1;	
Zevenaar;G0299;10938;Arnhem;K7;25870;21258;54;30;21174;4947;2778;3262;2487;1511;2527;1286;209;563;836;26;186;310;64;44;8;34;22;20;18;5;6;4;6;5;10;0;	
Zoetermeer;G0637;10766;Leiden;K15;95406;76262;267;118;75877;17595;12271;7424;9200;6209;5858;4424;2088;2601;3045;813;928;1896;328;369;251;204;99;;49;47;69;47;30;19;;13;	
Zoeterwoude;G0638;11074;Leiden;K15;6592;5604;15;8;5581;1450;613;946;766;467;329;278;97;191;189;44;22;129;17;11;2;9;9;;3;1;3;1;3;0;;1;	
Zuidhorn;G0056;10021;Groningen;K1;14175;12503;16;22;12465;1726;823;2322;1316;1236;1203;902;1887;304;220;266;5;130;32;28;9;13;12;7;8;5;4;;6;1;;;	
Zuidplas;G1892;10855;Leiden;K15;31556;26815;66;26;26723;6951;3451;3234;2558;1503;1650;1156;1691;682;680;1934;247;596;127;75;15;47;32;;14;13;16;41;4;3;;3;	
Zundert;G0879;11192;Tilburg;K17;16683;13170;29;29;13112;3746;2210;2364;1090;643;1337;412;70;279;468;26;40;226;48;19;3;55;19;36;5;8;2;1;3;0;;2;	
Zutphen;G0301;10254;Arnhem;K7;36476;30130;59;39;30032;4971;2944;2799;4137;4005;3760;2517;910;1689;859;109;553;371;74;95;22;38;40;10;14;24;20;22;13;5;22;9;	
Zwartewaterland;G1896;10746;Zwolle;K4;16219;14137;28;12;14097;1791;1363;2742;589;375;779;511;2334;145;258;2952;3;169;31;20;0;7;6;6;8;1;6;;1;;;;	
Zwijndrecht;G0642;10468;Dordrecht;K14;34423;27439;75;47;27317;5416;4630;3418;2244;1601;2375;1301;1583;731;1088;1221;753;552;130;71;26;52;20;17;8;8;11;47;7;6;;1;	
Zwolle;G0193;10093;Zwolle;K4;95706;80634;214;130;80290;14074;6379;9060;11912;9374;6967;5700;8334;2727;1897;798;966;1121;198;330;69;85;78;43;62;44;37;;35;;;;	
